step,rewards,qf1_loss,actor_loss,observations,action
26000,[-0.01070893],2205.718994140625,31.765247344970703,[-0.00967022 -0.00086011 -0.01390719  0.01631172],[-0.10251786]
27000,[-0.03472939],1287.0457763671875,31.056724548339844,[-0.00943977  0.00477299  0.01561212 -0.00442326],[0.18511152]
28000,[-0.02683663],970.3832397460938,22.741518020629883,[-0.00350517 -0.00793328  0.0173314  -0.02859123],[0.16186309]
29000,[-0.05643431],753.5739135742188,14.440746307373047,[ 0.00987782  0.00042587  0.01959303 -0.03141238],[0.23706059]
30000,[-0.04951382],628.63720703125,9.823326110839844,[-0.00491198  0.00067246 -0.01504785  0.02629359],[-0.22243458]
31000,[-0.01027638],467.0277099609375,10.281282424926758,[ 0.00107476  0.00321972 -0.00262838  0.00033385],[0.1004169]
32000,[-3.4490018e-05],354.3621826171875,14.764457702636719,[0.00102954 0.00026659 0.00109799 0.00065704],[-0.00497285]
33000,[-0.00580468],277.47576904296875,17.835468292236328,[-0.00489652 -0.00146866  0.00437597 -0.01265097],[0.07577974]
34000,[-0.01324786],187.9061279296875,21.492137908935547,[-0.00545391  0.00869655 -0.00961763  0.02302347],[-0.11193219]
35000,[-0.20214628],129.40493774414062,23.891786575317383,[ 0.00815752 -0.00164126 -0.01885308  0.05318345],[-0.44941574]
36000,[-0.8967078],126.40498352050781,24.912660598754883,[-0.00130243 -0.00076969 -0.04303547  0.11453697],[-0.9468416]
37000,[-1.1409616],90.01603698730469,25.85494041442871,[-0.00284632 -0.00651965 -0.04619837  0.11889926],[-1.0677401]
38000,[-0.13303928],63.851470947265625,26.85166358947754,[-0.00212065  0.00990667 -0.01992132  0.06091275],[-0.3636549]
39000,[-1.1868877],37.72473907470703,27.660646438598633,[-0.00245103 -0.00113563 -0.04442823  0.12749337],[-1.0893171]
40000,[-0.77192986],23.841716766357422,26.953521728515625,[-0.0077836  -0.00695451 -0.0364741   0.08577561],[-0.8780988]
41000,[-1.2858883],12.837990760803223,26.51816177368164,[ 0.00574447 -0.00626709 -0.06531684  0.11312737],[-1.1335618]
42000,[-1.397128],32.96746063232422,25.52588653564453,[ 0.00293248  0.00772114 -0.06624368  0.14391233],[-1.1818763]
43000,[-1.2653408],26.34973907470703,25.026397705078125,[ 0.00410157  0.00413814 -0.04665302  0.13433877],[-1.1248103]
44000,[-3.0867534],8.461244583129883,25.903430938720703,[ 0.00184295  0.0133828  -0.07878591  0.20834059],[-1.7566329]
45000,[-4.73522],47.22077560424805,25.19101333618164,[ 0.00714535  0.00901719 -0.10200791  0.2607333 ],[-2.175986]
46000,[-1.6561203],4.674878120422363,25.960283279418945,[-0.00722888  0.00417261 -0.0583548   0.14766159],[-1.2868655]
47000,[-1.7533095],5.5750885009765625,24.90807342529297,[-0.0072902   0.01184489 -0.06764107  0.16212091],[-1.323834]
48000,[-4.0628033],27.96785545349121,25.83893585205078,[-0.0053741   0.00190149 -0.10118383  0.23431936],[-2.0156054]
49000,[-0.80453986],42.80259704589844,24.962080001831055,[-0.00449395  0.01106899 -0.05359951  0.12322729],[-0.8964733]
50000,[-2.2601435],13.982956886291504,24.897172927856445,[-6.83314664e-05  5.54479577e-03 -7.93551888e-02  1.78265164e-01],[-1.5033562]
51000,[-0.9000346],6.229900360107422,25.351999282836914,[-0.00585822  0.00187921 -0.0559272   0.11358776],[-0.94864005]
52000,[-2.0459146],12.812718391418457,25.352130889892578,[-0.0114456  -0.00217281 -0.07471381  0.15759413],[-1.4302152]
53000,[-1.5892777],6.677824974060059,25.362428665161133,[ 0.0044477   0.00727386 -0.06774004  0.15482584],[-1.2605702]
54000,[-2.108652],18.440593719482422,25.274765014648438,[-0.00214585  0.00172622 -0.07221513  0.17288445],[-1.4520853]
55000,[-0.6729623],28.864234924316406,24.983535766601562,[ 0.0016042   0.00841941 -0.04130097  0.09466273],[-0.8200167]
56000,[-1.9017715],6.689753532409668,25.32067108154297,[ 0.00381828  0.00436598 -0.07192321  0.15805945],[-1.3790257]
57000,[-2.9745476],3.2367818355560303,24.78033447265625,[-0.00424239  0.00659361 -0.09604352  0.1962163 ],[-1.7246269]
58000,[-1.455714],6.832128524780273,24.627561569213867,[ 0.00188944 -0.00655278 -0.06282924  0.12871631],[-1.206173]
59000,[-3.4611208],3.1458468437194824,25.060253143310547,[-0.00080783  0.01173391 -0.10106306  0.22062466],[-1.8602481]
60000,[-2.3355029],16.56631088256836,25.309696197509766,[ 0.00744233 -0.00446525 -0.080056    0.16467659],[-1.5280023]
61000,[-4.288868],1.3572033643722534,25.11511993408203,[-0.0115721   0.00037226 -0.11170167  0.22485436],[-2.0708601]
62000,[-2.0595407],7.462323188781738,26.245101928710938,[-4.66749883e-03  1.33269748e-04 -7.05126367e-02  1.55188361e-01],[-1.4350576]
63000,[-1.7261674],1.6689962148666382,26.13827896118164,[-0.00310912  0.00392054 -0.0736571   0.1597043 ],[-1.3137871]
64000,[-3.0107174],1.5122324228286743,26.34151268005371,[ 0.00120009  0.0140476  -0.0940243   0.20900118],[-1.7348447]
65000,[-3.5627978],0.6613857746124268,25.932998657226562,[ 0.00248779  0.00090811 -0.08916966  0.20646686],[-1.887486]
66000,[-2.391023],0.6273196935653687,26.402912139892578,[-0.00491264  0.01342947 -0.07913333  0.18183053],[-1.5459485]
67000,[-5.081544],1.8078570365905762,26.14868927001953,[ 0.00507094 -0.00041822 -0.11538726  0.24745529],[-2.254143]
68000,[-3.167372],0.4952346980571747,25.901859283447266,[-0.00398454  0.00399184 -0.09316108  0.20941327],[-1.7796966]
69000,[-1.2033328],4.478351593017578,25.100107192993164,[-0.01099133  0.00854416 -0.0549521   0.13575404],[-1.0967672]
70000,[-0.8912228],0.27396467328071594,26.228330612182617,[ 0.00079516  0.0047845  -0.04597139  0.11880246],[-0.94399107]
71000,[-1.7246232],0.5812371969223022,26.233745574951172,[-0.00406568 -0.00384951 -0.06040481  0.14277644],[-1.3130665]
72000,[-2.4045281],1.2607470750808716,25.76104736328125,[-0.00496799  0.01055735 -0.08739784  0.18365772],[-1.5504658]
73000,[-2.815519],1.0360820293426514,26.196531295776367,[ 0.00405722  0.01427411 -0.09349838  0.2117285 ],[-1.6776108]
74000,[-1.5100306],0.18033301830291748,25.676618576049805,[ 0.00604981 -0.00465833 -0.06692711  0.13768153],[-1.2285534]
75000,[-0.46259034],3.0312821865081787,25.684492111206055,[ 0.00131798 -0.00418591  0.02625547 -0.07455589],[0.68002295]
76000,[-2.685737],3.620159387588501,25.696102142333984,[ 0.00909893 -0.00519403  0.08597239 -0.18419529],[1.6387901]
77000,[-2.3140728],0.4007532000541687,25.817707061767578,[ 1.24569401e-04 -1.06714484e-02  6.80450756e-02 -1.85194412e-01],[1.5210209]
78000,[-3.4383345],0.6721519231796265,25.548484802246094,[ 0.01075932 -0.00099476  0.09019403 -0.21296235],[1.8542038]
79000,[-2.8746305],0.6158937215805054,25.593990325927734,[ 0.00081241 -0.00122706  0.07552831 -0.18311556],[1.6954253]
80000,[-2.5558898],0.35686197876930237,25.05786895751953,[ 0.01121882 -0.01300859  0.08766474 -0.18536271],[1.5983839]
81000,[-4.0349555],0.3765672445297241,25.374114990234375,[-0.00148588 -0.01339122  0.10362167 -0.23658899],[2.0085292]
82000,[-4.477035],2.2815775871276855,25.281646728515625,[ 0.00217438 -0.00734811  0.10875295 -0.24466159],[2.115883]
83000,[-3.235287],1.1165167093276978,25.213510513305664,[ 0.00224728 -0.00669676  0.09183637 -0.20415993],[1.7986685]
84000,[-4.770496],2.3096117973327637,25.669015884399414,[-0.00178336 -0.00611206  0.11781761 -0.24304945],[2.1841106]
85000,[-3.610627],0.5924086570739746,25.55581283569336,[ 0.00613767  0.0005061   0.0986375  -0.20181717],[1.900085]
86000,[-3.4299028],0.2806512415409088,25.922653198242188,[ 0.00809277  0.00367993  0.09682374 -0.2039951 ],[1.8518087]
87000,[-3.2016861],0.7861142754554749,25.91748809814453,[-0.00535346  0.00394624  0.08429327 -0.19333122],[1.7891358]
88000,[-4.1633263],0.7315183877944946,25.161867141723633,[ 0.0024678   0.00143139  0.10783459 -0.22647393],[2.0403183]
89000,[-3.5543675],0.20775656402111053,26.048179626464844,[-8.91310329e-05  1.02702820e-03  9.00671663e-02 -2.05744868e-01],[1.8852288]
90000,[-0.54831314],0.9892405867576599,25.64883804321289,[ 0.00106245  0.00620819  0.02854124 -0.06696572],[0.74003667]
91000,[-0.40056586],0.2920326590538025,26.065196990966797,[ 0.0077916  -0.00689518  0.03641533 -0.08030222],[0.6326203]
92000,[-1.0867975],2.09576678276062,25.582408905029297,[ 0.00855145 -0.00841879  0.0463063  -0.12693109],[1.0422834]
93000,[-2.942495],0.13495564460754395,25.961822509765625,[ 0.0013387   0.00222009  0.07961707 -0.17858317],[1.7152455]
94000,[-3.8826737],0.22550643980503082,25.703502655029297,[ 4.84462163e-05 -1.37482989e-03  9.42222804e-02 -2.23444167e-01],[1.970415]
95000,[-2.7403631],0.17999334633350372,26.209245681762695,[ 0.00885742  0.00612747  0.07311425 -0.17175865],[1.6550884]
96000,[-2.8180273],1.568995475769043,25.299577713012695,[ 0.00959683 -0.01123808  0.07576447 -0.19485377],[1.6784911]
97000,[-1.8139336],0.3613695502281189,26.210058212280273,[ 0.00371624 -0.00997746  0.06736353 -0.15675212],[1.3466426]
98000,[-1.4793972],0.5908102989196777,25.695720672607422,[-0.00696514 -0.00732446  0.05636434 -0.14507819],[1.2161885]
99000,[-0.6125838],0.09103699028491974,25.841594696044922,[ 0.00277264 -0.00313131  0.03732016 -0.08739657],[0.78265864]
100000,[-1.0325024],0.20964372158050537,25.665279388427734,[ 0.00585872  0.00228247  0.04743709 -0.10175273],[1.0159897]
101000,[-0.3701297],0.5869339108467102,25.320114135742188,[ 0.00137646  0.00709203  0.03415941 -0.0504689 ],[0.6077878]
102000,[-1.7485303],0.21215076744556427,25.48241424560547,[ 0.0002717  -0.00639569  0.05660775 -0.15592104],[1.322244]
103000,[-1.7846619],0.5388242602348328,25.905311584472656,[-0.00452008  0.00023212  0.07367135 -0.1521872 ],[1.3358175]
104000,[-1.3556035],0.07331892848014832,25.91282081604004,[-0.00738349  0.00507636  0.06119568 -0.12082629],[1.1640216]
105000,[-2.2282548],0.21945059299468994,25.45293426513672,[-0.00137016  0.00400527  0.08150824 -0.15848155],[1.4925345]
106000,[-0.68862504],0.05882842093706131,25.820526123046875,[-0.00353187 -0.01006111  0.04966296 -0.09816161],[0.8293741]
107000,[-0.10051792],0.16412845253944397,25.606964111328125,[ 0.00519249  0.00924312  0.00576949 -0.01817478],[0.31540912]
108000,[-1.1623907],0.15560245513916016,25.813091278076172,[-0.00364112 -0.01204069  0.06245458 -0.12477943],[1.0776391]
109000,[-1.7022815],0.30090075731277466,25.87588119506836,[-0.00559547  0.00666672  0.07038536 -0.14396422],[1.3042827]
110000,[-1.103468],0.12007822841405869,25.777334213256836,[-0.00264277  0.00165587  0.06099366 -0.10562678],[1.050315]
111000,[-0.05962817],0.47633782029151917,25.1710147857666,[ 0.00723348  0.00979561 -0.007123    0.0406578 ],[-0.24235174]
112000,[-0.0120114],0.23267945647239685,25.59576988220215,[0.00759974 0.0094967  0.00016961 0.00085068],[0.10506749]
113000,[-0.093928],0.06744411587715149,25.632915496826172,[ 0.00910925 -0.0017043  -0.02353343  0.03014188],[-0.30609593]
114000,[-0.05488307],0.10237201303243637,25.693740844726562,[-0.00644809  0.005503   -0.01885021  0.02932005],[-0.2335088]
115000,[-0.04303738],0.07074319571256638,25.639402389526367,[ 0.00951806  0.00533025  0.00511052 -0.02278648],[0.20615834]
116000,[-0.2820827],0.125270277261734,25.886474609375,[ 0.00556298  0.00266628  0.03234268 -0.05933766],[0.53087276]
117000,[-0.04364099],0.04645559936761856,25.86679458618164,[-0.00030619  0.00155045  0.00567511 -0.01326014],[0.20866981]
118000,[-0.3316594],0.03632128983736038,25.408466339111328,[ 0.00705268 -0.00362438 -0.01995685  0.05462477],[-0.5755515]
119000,[-0.1594646],0.04980356618762016,25.749610900878906,[-0.00479313 -0.00252118  0.01990334 -0.04665146],[0.39926407]
120000,[-0.00063282],0.04642519727349281,25.896530151367188,[-0.00310975  0.00758404  0.00446713  0.00702039],[-0.00249043]
121000,[-0.1671398],0.037192948162555695,25.685436248779297,[ 0.00060331 -0.00178593  0.02027517 -0.03838393],[0.4087299]
122000,[-0.00615123],0.04592764377593994,25.815637588500977,[-0.00063024 -0.00699186  0.00478927 -0.01637127],[0.07554952]
123000,[-0.00035474],0.18120506405830383,25.59764862060547,[-0.00898795  0.00190438 -0.00425368 -0.00186669],[-0.01253621]
124000,[-0.00091222],0.059781286865472794,25.90760612487793,[-0.00022675  0.00055649 -0.00526497 -0.00053575],[-0.02909416]
125000,[-0.0017017],0.25981560349464417,25.969207763671875,[-0.00139842 -0.00844607  0.00322745 -0.01660026],[0.03200065]
126000,[-0.00430502],0.03801197558641434,25.682355880737305,[-0.00403452 -0.00547464  0.00812037 -0.01374632],[0.06319372]
127000,[-0.00215638],0.18156687915325165,25.737262725830078,[-0.00520745  0.00931195 -0.00866367  0.00783831],[0.03474525]
128000,[-0.12549174],0.052533313632011414,25.356857299804688,[-0.00542282 -0.00312275 -0.01524417  0.0352058 ],[-0.35399058]
129000,[-0.00966768],0.4797881245613098,25.956714630126953,[-0.00467865  0.00451974  0.01287692 -0.00427426],[0.09669731]
130000,[-0.02574538],0.08694612979888916,25.386737823486328,[-0.00180274 -0.00836717  0.01017599 -0.01862369],[0.15818942]
131000,[-0.35508537],0.08344435691833496,25.348012924194336,[-0.00894185 -0.0112125   0.03194558 -0.08107374],[0.5950388]
132000,[-0.25048113],0.08456718176603317,25.764280319213867,[-0.00892619  0.00496427  0.02933775 -0.04746966],[0.5000106]
133000,[-0.01706075],0.372891902923584,25.439613342285156,[-0.00894229 -0.00298725  0.01616607 -0.0154768 ],[0.12963924]
134000,[-0.00359203],0.032978735864162445,25.60781478881836,[ 0.00499235 -0.00666341 -0.0030575  -0.00916527],[0.05556573]
135000,[-0.0003845],0.03152470290660858,25.687232971191406,[ 0.00505768 -0.00029141 -0.00419957  0.00811438],[-0.01782987]
136000,[-0.00195482],2.9689788818359375,25.607982635498047,[-0.00416148  0.00133409  0.00981049  0.00061612],[0.04300071]
137000,[-0.03734749],0.3601410984992981,25.479745864868164,[ 0.00527615  0.00947354  0.00799436 -0.01058276],[0.19070947]
138000,[-0.11016477],0.11709161102771759,25.808666229248047,[ 0.00218382 -0.00508949  0.00739447 -0.03691002],[0.33144298]
139000,[-0.98840976],1.3302310705184937,25.305950164794922,[ 0.01106887 -0.00977393  0.05853599 -0.11285552],[0.99378]
140000,[-0.02118975],0.0394604355096817,25.42098617553711,[ 0.00673174  0.00715935  0.00129464 -0.01049276],[0.14331129]
141000,[-0.1182728],0.11883361637592316,25.346742630004883,[ 0.00542347  0.01065795 -0.01233027  0.04557812],[-0.34230992]
142000,[-0.60716933],0.7002065777778625,25.230215072631836,[-0.0076172   0.00845563 -0.03118202  0.10106218],[-0.7788665]
143000,[-0.01925532],0.04102577269077301,25.691415786743164,[ 0.00933535  0.00290984 -0.0009249  -0.00999201],[0.13789703]
144000,[-0.07633016],0.24749715626239777,25.302387237548828,[-0.00284036  0.00954066  0.00947491 -0.01127558],[0.27446628]
145000,[-0.06682487],3.0677895545959473,26.348731994628906,[ 0.00274045  0.00711612 -0.02276966  0.03763459],[-0.25753328]
146000,[-0.00913433],0.0551346018910408,25.391399383544922,[-0.00542467 -0.0079412  -0.00862262  0.00159958],[-0.09193326]
147000,[-0.00281467],0.043505653738975525,25.425273895263672,[ 0.00163025  0.00752786 -0.00561052  0.01944956],[-0.04787044]
148000,[-0.08736906],0.03283535689115524,25.866880416870117,[-0.00317425 -0.00961361  0.0110782  -0.0401544 ],[0.29420096]
149000,[-0.00426961],0.46621865034103394,25.219654083251953,[ 0.00122599  0.00821595 -0.00462737  0.01028481],[0.05967772]
150000,[-0.3011362],0.15341058373451233,25.285053253173828,[ 0.00736112 -0.00298367  0.0264892  -0.05982391],[0.5486756]
151000,[-0.21030326],0.035938479006290436,25.685701370239258,[-0.00431737  0.00507923 -0.02980945  0.05471288],[-0.45832926]
152000,[-0.00757326],0.523996114730835,25.354347229003906,[ 0.00253122  0.00564132  0.0057214  -0.00409337],[0.08495148]
153000,[-0.46757567],0.11494570970535278,24.93839454650879,[-0.00650062 -0.00816204  0.0437385  -0.08439298],[0.683387]
154000,[-0.03760912],0.4695511758327484,25.479867935180664,[-0.0042709  -0.00048414  0.00167116 -0.01816453],[0.19371246]
155000,[-0.00106141],0.06953315436840057,25.536602020263672,[ 0.00952661  0.00852762 -0.00158091  0.01605183],[-0.01726373]
156000,[-0.1359794],0.26789140701293945,25.824058532714844,[ 0.00436591  0.00938562 -0.00980428  0.05775799],[-0.36767638]
157000,[-0.02008092],0.09063880145549774,25.218345642089844,[-5.54407975e-03  2.93424001e-05 -4.06451177e-03  2.41204312e-02],[-0.14137444]
158000,[-0.2014201],0.02619290165603161,25.7103214263916,[-0.00404191 -0.01061279  0.02947781 -0.05634712],[0.4476925]
159000,[-0.04381548],0.04972612485289574,25.412769317626953,[ 0.00015436  0.00517401 -0.00892783  0.02396615],[-0.20860197]
160000,[-0.04721754],0.029621798545122147,25.687679290771484,[-0.00119851 -0.00865322 -0.0098045   0.02221139],[-0.215215]
161000,[-0.26552477],0.04287471994757652,25.529800415039062,[ 0.00052334 -0.00762562 -0.0238653   0.04416898],[-0.51455766]
162000,[-0.00078933],0.5017864108085632,25.331172943115234,[ 0.00177852 -0.0022761   0.00306192 -0.00035906],[0.02675061]
163000,[-0.00246404],0.7872323393821716,25.682405471801758,[-0.00091732 -0.00617958 -0.00230859  0.0030827 ],[-0.04530562]
164000,[-0.00555875],0.09781968593597412,25.602113723754883,[ 0.00308553  0.00886147 -0.00323788  0.00094252],[0.06863331]
165000,[-0.32193428],0.03821532428264618,25.536643981933594,[ 0.00760427  0.00278347 -0.02437215  0.06924725],[-0.56730306]
166000,[-0.04167345],0.8335114121437073,25.564224243164062,[ 0.00108263  0.00666167  0.00535568 -0.01468989],[0.20289615]
167000,[-0.02412261],0.038878560066223145,25.840496063232422,[ 0.00216637 -0.00847206  0.00216642 -0.02566685],[0.15313041]
168000,[-0.5888255],0.11005589365959167,25.620357513427734,[-0.00742984 -0.00897682  0.03312177 -0.09240926],[0.76695323]
169000,[-0.02112041],0.08363068103790283,25.665355682373047,[ 0.01035192 -0.00776     0.01407313 -0.02704246],[0.14300811]
170000,[-0.02109173],0.07077766954898834,25.642250061035156,[ 0.00524754  0.00197429  0.00834935 -0.01921241],[0.14469263]
171000,[-0.05451401],0.3088584542274475,25.689533233642578,[ 0.00567108 -0.00050248  0.00340514 -0.01582097],[0.23305729]
172000,[-0.0149751],0.027635226026177406,25.860614776611328,[-0.009179    0.00070412  0.00323493 -0.01677618],[0.12177186]
173000,[-0.17293662],0.1853814423084259,25.295312881469727,[ 0.00670906 -0.00031876 -0.02042983  0.04763658],[-0.4157759]
174000,[-0.26487002],0.08372817933559418,25.636215209960938,[ 0.00942362 -0.00502915  0.02398907 -0.05445409],[0.5143581]
175000,[-0.00214653],0.018855059519410133,25.397384643554688,[-0.0051893   0.00295037  0.00142974  0.00560215],[-0.04458829]
176000,[-0.00118861],0.4093010425567627,25.216020584106445,[ 0.00075091  0.00728731 -0.01161466  0.01988685],[-0.02408915]
177000,[-0.0296788],0.027157384902238846,25.635601043701172,[ 0.00397898 -0.00040296 -0.01553626  0.02344293],[-0.17202324]
178000,[-0.1300637],0.13263240456581116,25.36767578125,[-0.00709753 -0.00310164  0.01464541 -0.04459646],[0.36047703]
179000,[-0.0963842],0.018470199778676033,25.493911743164062,[-0.00327548  0.00177745  0.01468402 -0.03691068],[0.31024694]
180000,[-0.00411421],0.03845649212598801,25.541358947753906,[-0.00758296 -0.00579578  0.00575846  0.00220342],[-0.06034762]
181000,[-0.15540203],0.25396212935447693,25.477067947387695,[-0.00121125 -0.00321905  0.02854794 -0.03976158],[0.3939711]
182000,[-0.07928084],0.014753936789929867,25.21375274658203,[ 0.00220571  0.00703323  0.0173042  -0.0231416 ],[0.28051063]
183000,[-0.11229223],0.06530186533927917,24.620136260986328,[ 0.00703786  0.00778584  0.0230491  -0.01852439],[0.3338847]
184000,[-0.08026512],0.1034155935049057,25.659442901611328,[ 0.00172317 -0.00054083 -0.02261051  0.0271959 ],[-0.28309137]
185000,[-0.06220201],0.14150413870811462,25.456195831298828,[ 0.00613935 -0.00040581 -0.0221408   0.026451  ],[-0.2490902]
186000,[-0.00964131],0.015451459214091301,25.415481567382812,[ 0.00389602  0.00495009 -0.00576106  0.02447164],[-0.09690832]
187000,[-0.15341924],0.07483001053333282,25.3026123046875,[-0.00169776 -0.00192336 -0.02821478  0.04199899],[-0.39148715]
188000,[-0.08378051],0.1422586590051651,25.522972106933594,[-0.00030772  0.00276241 -0.00940056  0.03762847],[-0.28932872]
189000,[-0.0334193],0.19419735670089722,25.363855361938477,[-0.00626626 -0.00042238 -0.01654213  0.02563401],[-0.18248528]
190000,[-0.00034597],0.09187231212854385,25.747119903564453,[-0.00218701 -0.00196604 -0.00427354  0.00939223],[-0.01379366]
191000,[-0.00625432],0.01885981857776642,25.31266975402832,[0.0076001  0.00971074 0.00658656 0.01121389],[0.07251571]
192000,[-0.24061087],0.021545100957155228,25.11819076538086,[-0.00164909 -0.00542306 -0.01905713  0.0542764 ],[-0.49003255]
193000,[-0.06000149],0.014087740331888199,25.312156677246094,[ 0.00304848 -0.00924824 -0.00971685  0.01161984],[-0.24302058]
194000,[-0.0018104],0.17017486691474915,25.503971099853516,[ 0.00251456 -0.00591145 -0.00566057 -0.01513656],[0.03733825]
195000,[-0.04832731],0.7978048324584961,25.602245330810547,[-0.0076265   0.00113821 -0.01035344  0.01875934],[-0.21946493]
196000,[-0.04809434],0.008732286281883717,25.247941970825195,[ 0.00064162  0.00443033  0.01367261 -0.01153579],[0.21870854]
197000,[-0.27543718],0.03190913796424866,25.778417587280273,[ 0.00605005  0.00773471  0.02093042 -0.05412956],[0.5239619]
198000,[-0.43584675],0.07638350129127502,25.801576614379883,[ 0.00555158  0.0048119   0.03412164 -0.06885306],[0.6598622]
199000,[-0.42671967],0.05293497443199158,25.159534454345703,[-0.00956259 -0.00346385  0.02458113 -0.07847056],[0.6530778]
200000,[-0.01534686],0.024338088929653168,25.38778305053711,[-0.00157792  0.0002573   0.00365001 -0.01489735],[0.12378307]
201000,[-0.01733872],0.033639270812273026,25.461753845214844,[0.00971188 0.00632091 0.00049634 0.02731148],[-0.12979284]
202000,[-0.12334183],0.11183885484933853,25.642074584960938,[-0.00865951 -0.00695675  0.00921751 -0.04478928],[0.350461]
203000,[-0.03798264],0.030449315905570984,25.016178131103516,[ 0.00692398 -0.00714191 -0.00949321  0.01301515],[-0.19334966]
204000,[-0.01842356],0.0387139767408371,25.19574737548828,[-0.00900947 -0.00381569  0.00309822  0.01509473],[-0.1344074]
205000,[-0.04636411],0.5150589346885681,25.103347778320312,[-0.00523913  0.00274724 -0.01501705  0.02636407],[-0.21509475]
206000,[-0.25982013],0.09067840129137039,25.070449829101562,[ 0.0006006  -0.0076882   0.02697448 -0.05477081],[0.5091808]
207000,[-0.10343815],0.0676618218421936,24.993610382080078,[-0.00745635  0.00085237 -0.01998114  0.04607025],[-0.32141256]
208000,[-0.14484961],0.014896311797201633,25.59273338317871,[-0.00356016  0.00374098  0.01453622 -0.03229372],[0.38028416]
209000,[-0.09793399],0.3689943552017212,25.114036560058594,[-0.00325813  0.00424344  0.02363364 -0.02652077],[0.31243017]
210000,[-0.0444939],0.022011203691363335,25.61870765686035,[-0.00435005  0.0015632  -0.01040099  0.03567084],[-0.21067205]
211000,[-0.04303004],0.021083548665046692,25.712566375732422,[ 0.00886139  0.00110528  0.01134897 -0.02334191],[0.20715329]
212000,[-0.0526426],0.026305852457880974,25.45206642150879,[ 0.00651989  0.01039793 -0.00797156  0.04712984],[-0.22724059]
213000,[-0.22009441],0.027879610657691956,25.377403259277344,[-0.00855766  0.00457234 -0.02725038  0.05607413],[-0.46891806]
214000,[-0.2678797],0.04074154049158096,25.547712326049805,[-0.00753638  0.01042554 -0.02842514  0.07570788],[-0.51675]
215000,[-0.02257192],0.14351117610931396,25.11853790283203,[ 0.00589473  0.00399455 -0.01380286  0.02321057],[-0.14958175]
216000,[-0.01033112],0.01395435817539692,25.710346221923828,[ 0.00731019 -0.00541458 -0.00410155  0.00174367],[-0.09979407]
217000,[-0.02210948],0.06789621710777283,25.084842681884766,[ 0.00467592 -0.00254134 -0.00836824  0.01429548],[-0.14833778]
218000,[-0.1274025],0.14071136713027954,25.200016021728516,[ 0.00045229  0.00253851  0.02302576 -0.03501053],[0.35673925]
219000,[-0.02141821],0.030893545597791672,25.218448638916016,[-0.00884109 -0.0025328   0.00891631 -0.01816051],[0.14589916]
220000,[-0.5545254],0.014747489243745804,25.09369659423828,[ 0.00711317  0.00800615 -0.04714553  0.09359085],[-0.7443096]
221000,[-0.30228847],0.08200428634881973,25.122440338134766,[-0.00385125  0.00247584 -0.03459975  0.06277363],[-0.54972994]
222000,[-0.41093376],0.028193704783916473,25.34766960144043,[-0.00637176 -0.00054361 -0.03490865  0.06755601],[-0.6409589]
223000,[-0.09614471],0.18011698126792908,25.62575912475586,[ 0.00135872  0.00880283 -0.02520291  0.05411876],[-0.30889577]
224000,[-0.43876547],0.014060432091355324,25.22539710998535,[ 0.00337628 -0.00240686 -0.02781815  0.06716286],[-0.6622323]
225000,[-0.00060517],0.019871786236763,25.682886123657227,[ 0.00393504 -0.00709045  0.00593299 -0.00033515],[-0.00248942]
226000,[-0.0129408],0.019842252135276794,25.497013092041016,[-0.00195657  0.00492779 -0.00533102  0.02066194],[-0.11284351]
227000,[-0.01996592],0.0639992207288742,25.161632537841797,[-0.00368347  0.00047371  0.01058392 -0.01659775],[0.14111617]
228000,[-0.03464398],0.02082052268087864,25.460277557373047,[ 0.00864538  0.00951492  0.00750067 -0.01360102],[0.1831568]
229000,[-0.00441502],0.01467298436909914,25.511035919189453,[ 0.00750098 -0.00859028  0.0049229  -0.01650141],[0.06066094]
230000,[-0.05933276],0.01648014970123768,25.291654586791992,[ 0.00536461 -0.00120937 -0.00319157  0.03001691],[-0.24327855]
231000,[-0.26155317],0.03822252154350281,25.742950439453125,[ 0.00063918  0.00069484 -0.02068179  0.05603448],[-0.51138026]
232000,[-0.2599438],0.13596129417419434,25.287050247192383,[ 0.00674734 -0.00514736 -0.02421736  0.05010038],[-0.5094211]
233000,[-0.02914591],0.02563011646270752,25.552967071533203,[-0.00746205  0.0107235  -0.00087875  0.04132456],[-0.167272]
234000,[-0.02435124],0.01070653647184372,25.23062515258789,[-0.00478756 -0.00404848 -0.01543156  0.00719041],[-0.15504855]
235000,[-0.418762],0.03553522005677223,25.79141616821289,[ 0.00408939  0.01143697 -0.03294697  0.07953933],[-0.64627796]
236000,[-0.00604588],0.023255741223692894,25.28081512451172,[-0.00317883  0.00432628 -0.00540861  0.0113617 ],[-0.07643144]
237000,[-0.72505134],0.01911851391196251,25.272018432617188,[ 0.0003568   0.00469288 -0.05216746  0.09549213],[-0.8513668]
238000,[-0.2455094],0.01240903977304697,25.23749542236328,[-0.00256286 -0.00716743 -0.03197119  0.0478834 ],[-0.49475375]
239000,[-0.04637379],0.018383506685495377,25.569969177246094,[ 0.00647325 -0.00441137 -0.01797147  0.02497608],[-0.21445847]
240000,[-0.19550894],0.007554550189524889,25.752851486206055,[ 0.00486387 -0.00417486 -0.02433422  0.03866608],[-0.44178036]
241000,[-1.5681211],0.0180144552141428,25.269086837768555,[ 0.00760746  0.00587832 -0.05398062  0.14572803],[-1.2521473]
242000,[-0.19611168],0.011259237304329872,25.62369155883789,[ 0.00430881 -0.0080874  -0.02346632  0.04704022],[-0.4418307]
243000,[-0.02415517],0.01406543143093586,25.29029083251953,[-5.06856117e-05  6.26548558e-03  3.79642279e-03 -1.66105291e-02],[0.15361987]
244000,[-0.29767236],0.09900869429111481,25.107383728027344,[-0.00741036 -0.00172077 -0.03324495  0.05610195],[-0.5454246]
245000,[-0.00734211],0.20193961262702942,25.28642463684082,[ 0.00660564  0.00939171 -0.00162924  0.01278547],[-0.07953405]
246000,[-0.09560315],0.02388855069875717,25.5528564453125,[ 0.00776748 -0.00386592  0.00592287 -0.03747148],[0.30879217]
247000,[-0.01416364],0.01346683781594038,25.130537033081055,[-0.00069415 -0.0066622  -0.00594655  0.01556025],[-0.1164782]
248000,[-0.5416409],0.011048784479498863,25.673542022705078,[ 0.00138054  0.0102756  -0.02794171  0.08918267],[-0.73535615]
249000,[-0.00863671],0.4285534918308258,25.23003387451172,[ 0.00359913  0.00896571 -0.0136816   0.02805189],[-0.08844235]
250000,[-0.08768331],0.03885633498430252,25.223608016967773,[-0.0066557  -0.00593788 -0.01709367  0.0264511 ],[-0.29532695]
251000,[-0.16123125],0.02916880138218403,25.4883975982666,[ 0.00311254 -0.00554461 -0.02341688  0.04787137],[-0.40085423]
252000,[-0.01137903],0.02701796032488346,25.01544189453125,[ 0.00314731  0.01022563 -0.00844454  0.02805749],[-0.10213199]
253000,[-0.40152335],0.02617403119802475,25.089019775390625,[-0.003422    0.00417471  0.02692644 -0.06284359],[0.6334022]
254000,[-0.05386579],0.02661311998963356,25.146291732788086,[-2.74524200e-03  3.12645170e-05 -4.54885033e-03  2.44768943e-02],[-0.23192902]
255000,[-0.11218132],0.018254129216074944,25.454294204711914,[-0.00441167  0.00713878  0.02152855 -0.03324768],[0.33383292]
256000,[-0.32337174],0.3116270899772644,25.276752471923828,[ 0.00676857  0.00257002  0.03604116 -0.06609973],[0.56835604]
257000,[-0.0006674],0.0167275108397007,25.452816009521484,[ 0.00804977  0.00100415 -0.01088556  0.00832121],[-0.02209167]
258000,[-0.66204435],0.09298806637525558,25.447669982910156,[ 0.00144277 -0.0063598  -0.04415912  0.08089053],[-0.8132475]
259000,[-0.17323141],0.04556797817349434,25.012706756591797,[-0.01004539  0.0027543  -0.01588344  0.05365834],[-0.41602325]
260000,[-0.00250392],0.033301614224910736,25.484657287597656,[-0.00920281 -0.00226883 -0.00244105 -0.01489922],[0.04765053]
261000,[-0.08295148],0.027718883007764816,25.177974700927734,[-0.00758981 -0.0053835  -0.01020443  0.03166127],[-0.28721464]
262000,[-0.00344488],0.03370466083288193,25.348297119140625,[-0.0089221  -0.00817314  0.00320906 -0.01269859],[0.05230125]
263000,[-0.01346534],0.015837442129850388,25.356159210205078,[ 0.01010214 -0.00038189  0.01385289 -0.01966753],[0.11495471]
264000,[-0.00114049],0.0978727638721466,25.475242614746094,[ 0.00089079  0.00748936 -0.00859951  0.00959921],[0.02304667]
265000,[-0.03679148],0.018334753811359406,25.37210464477539,[-0.00073243  0.00519565 -0.00388674  0.03351681],[-0.19113265]
266000,[-0.5244871],0.0606461763381958,25.394887924194336,[ 0.00692709 -0.00072165  0.0427065  -0.08745755],[0.7240933]
267000,[-0.10427745],0.07714679837226868,25.737377166748047,[ 0.00208466 -0.00694061  0.01919011 -0.03927543],[0.32229578]
268000,[-0.0649766],0.047492146492004395,25.252891540527344,[ 0.00160457  0.00886784 -0.01613983  0.04867852],[-0.2535432]
269000,[-0.00573098],0.008452363312244415,25.252819061279297,[-0.00434291  0.00087397 -0.00306456  0.01750114],[-0.07524909]
270000,[-0.09392822],0.013891731388866901,25.730058670043945,[-0.00067869 -0.0050343   0.02186929 -0.03881084],[0.30611438]
271000,[-0.07383493],0.02590842731297016,25.160751342773438,[-0.00613622 -0.00259921  0.01641103 -0.03690241],[0.2715053]
272000,[-0.05661033],0.12767091393470764,24.770721435546875,[ 0.00591956  0.00634431  0.01885619 -0.0113166 ],[0.23676753]
273000,[-0.25789326],0.024902286008000374,25.134838104248047,[ 0.00643968  0.00847636 -0.02870828  0.06659349],[-0.507269]
274000,[-0.00149822],0.15209978818893433,25.104509353637695,[ 0.00941778 -0.00301971  0.00712498  0.00259257],[0.03469816]
275000,[-0.5612533],0.09958729892969131,25.038291931152344,[ 0.00487827  0.00326682 -0.03689701  0.09146236],[-0.74913]
276000,[-0.05282357],0.01830838806927204,24.960474014282227,[ 0.00437637 -0.00586375  0.00554399 -0.03514415],[0.2290897]
277000,[-0.0209819],0.011554783210158348,25.512157440185547,[ 0.00307229  0.00068477 -0.01049706  0.01245557],[-0.14460093]
278000,[-0.14625362],0.012203892692923546,25.557579040527344,[-0.00656715  0.00046753  0.0115485  -0.03246783],[0.38219526]
279000,[-0.3181889],0.021802634000778198,25.34563446044922,[ 0.00394135  0.00514665  0.0356063  -0.05492115],[0.5636636]
280000,[-0.26042765],0.009635635651648045,25.17049789428711,[ 0.00967601  0.00796821  0.03094249 -0.05054598],[0.5093595]
281000,[-0.05601115],0.016426587477326393,25.572956085205078,[ 0.00606584 -0.00547854 -0.00216661  0.01620786],[-0.23564309]
282000,[-0.03536101],0.03046504408121109,25.230056762695312,[-6.92837765e-03 -8.10832583e-03  3.60305988e-05  4.95660204e-03],[-0.1857489]
283000,[-0.07050904],0.011463196948170662,25.54352378845215,[-0.00672013  0.00489957 -0.01173649  0.04308028],[-0.26507503]
284000,[-0.01885732],0.05984291806817055,25.17499351501465,[ 0.00928785  0.00852919  0.01158799 -0.0017467 ],[0.13420123]
285000,[-0.07017697],0.011568127200007439,25.25091552734375,[-0.00767676  0.00234442 -0.00775385  0.03190007],[-0.26466623]
286000,[-0.00092109],0.014976229518651962,25.186233520507812,[-0.00818672  0.00013093 -0.00801824 -0.00134237],[-0.02767994]
287000,[-0.37549746],0.3127884864807129,25.328174591064453,[-0.00523389 -0.00114631 -0.02311794  0.06368036],[-0.612643]
288000,[-0.09818735],0.015029930509626865,24.933265686035156,[ 0.00059771  0.0035075  -0.01176762  0.04172467],[-0.31320477]
289000,[-0.0257207],0.09119777381420135,25.206083297729492,[-0.00994245 -0.00058156 -0.00529246  0.01880865],[-0.1600188]
290000,[-0.03412826],0.030842723324894905,25.40442657470703,[-0.00859402 -0.00465137 -0.00825795  0.02243464],[-0.18371004]
291000,[-0.17370564],0.021468086168169975,25.546342849731445,[-0.00734376  0.00252492  0.02246836 -0.03314454],[0.41648427]
292000,[-0.00131267],0.008140945807099342,25.192935943603516,[-0.00356575  0.00924341  0.00191037  0.01433621],[0.02206156]
293000,[-0.08238058],0.007244245149195194,25.0545654296875,[ 0.00267405 -0.00680586 -0.02315202  0.02476335],[-0.28591248]
294000,[-0.17846544],0.047345709055662155,25.284160614013672,[-0.00421953 -0.00486487  0.02927734 -0.04627234],[0.42212722]
295000,[-0.5206902],0.0055973706766963005,25.357872009277344,[ 0.00654317  0.00194668  0.03910983 -0.08301561],[0.72141904]
296000,[-0.00934758],0.04476650059223175,25.48796844482422,[-0.00871351  0.0014453  -0.00121374 -0.009366  ],[0.095961]
297000,[-0.03137216],0.06882453709840775,25.335044860839844,[ 0.00453067  0.00919453  0.01301739 -0.00442769],[0.17453918]
298000,[-0.11246385],0.01773395575582981,25.300384521484375,[-0.00091262 -0.0008081  -0.01664886  0.04417021],[-0.3352437]
299000,[-0.09733782],0.015059968456625938,25.64574432373047,[ 0.00732692 -0.00122993 -0.00905781  0.04080548],[-0.31170157]
